<?xml version="1.0" encoding = "utf-8"?>
<EmployeeDetails xmlns:xs="http://www.w3.org/2001/XMLSchema-instance">
<Employee>
<EmployeeCode>1111</EmployeeCode>
<EmployeeName>
   <FirstName>Seema</FirstName>
   <LastName>Dalvi</LastName> 
</EmployeeName>
<DOJ>1997-08-09</DOJ>
<Totalexperience>12</Totalexperience>
<Department>
   <Unit>3d</Unit>
   <loc>Mumbai</loc>
</Department>
<Designation>4</Designation>
<Sal>21000</Sal>
<Grade>b</Grade>
</Employee>

<Employee>
<EmployeeCode>222</EmployeeCode>
<EmployeeName>
   <FirstName>Bharti</FirstName>
   <LastName>Mantri</LastName> 
</EmployeeName>
<DOJ>1999-01-12</DOJ>
<Totalexperience>5</Totalexperience>
<Department>
   <Unit>4a</Unit>
   <loc>Pune</loc>
</Department>
<Designation>2</Designation>
<Sal>12000</Sal>
<Grade>a</Grade>
</Employee>
</EmployeeDetails>




