<?xml version="1.0" encoding = "utf-8"?>
<EmployeeDetails xmlns:xs="http://www.w3.org/2001/XMLSchema-instance"
xs:noNamespaceSchemaLocation="prb14.xsd">
<Emp>
<EMPNO>7369</EMPNO>
<ENAME>SMITH</ENAME>
<JOB>CLERK</JOB>
<MGR>7902</MGR>
<HIREDATE>1980-12-17</HIREDATE>
<SAL>1100</SAL>
<COMM>200</COMM>
<DEPTNO>20</DEPTNO>
</Emp>

<Emp>
<EMPNO>7499</EMPNO>
<ENAME>ALLEN</ENAME>
<JOB>SALESMAN</JOB>
<MGR>7698</MGR>
<HIREDATE>1981-02-20</HIREDATE>
<SAL>1600</SAL>
<COMM>24820</COMM>
<DEPTNO>30</DEPTNO>
</Emp>

<Emp>
<EMPNO>7521</EMPNO>
<ENAME>WARD</ENAME>
<JOB>SALESMAN</JOB>
<MGR>7698</MGR>
<HIREDATE>1981-02-22</HIREDATE>
<SAL>1375</SAL>
<COMM>19700</COMM>
<DEPTNO>30</DEPTNO>
</Emp>

<Emp>
<EMPNO>7566</EMPNO>
<ENAME>JONES</ENAME>
<JOB>MANAGER</JOB>
<MGR>7839</MGR>
<HIREDATE>1981-04-02</HIREDATE>
<SAL>3175</SAL>
<COMM></COMM>
<DEPTNO>20</DEPTNO>
</Emp>

</EmployeeDetails>